id,winner_model_a,winner_model_b,winner_tie
136060,0.4497850537300110,0.2500187754631042,0.3590573966503143
211333,0.5590417981147766,0.5406422019004822,0.5891832709312439
1233961,0.1815741956233978,0.4109125137329102,0.4458501338958740
